{
  "generated": "2026-04-28T09:53:32.388008",
  "campaign_progress": [
    {
      "duration_group": "45일 이하",
      "total": 3841,
      "success": 3283,
      "success_rate": 85.4725331944806,
      "avg_pledged_usd": 76350,
      "avg_backers": 372
    },
    {
      "duration_group": "30일 이하",
      "total": 15252,
      "success": 13400,
      "success_rate": 87.85733018620509,
      "avg_pledged_usd": 27706,
      "avg_backers": 250
    },
    {
      "duration_group": "15일 이하",
      "total": 3194,
      "success": 3044,
      "success_rate": 95.30369442705073,
      "avg_pledged_usd": 8972,
      "avg_backers": 116
    },
    {
      "duration_group": "45일 초과",
      "total": 2232,
      "success": 1439,
      "success_rate": 64.47132616487455,
      "avg_pledged_usd": 69441,
      "avg_backers": 239
    }
  ],
  "updates": {
    "total_updates": 167723,
    "projects_with_updates": 21626,
    "avg_updates_success": 7.538032693943117,
    "avg_updates_failed": 1.0415482954545454
  },
  "comments": {
    "avg_all": 13.502435126702686,
    "avg_successful": 15.610355772419346,
    "avg_failed": 3.8834399431414357
  },
  "summary": {
    "total_projects": 27284,
    "success_rate": 86.32489090093397,
    "note": "27,909 프로젝트 전체 기준"
  }
}